[
    {
        "id": "05cc232f2b258ac1",
        "type": "tab",
        "label": "TTS e STT",
        "disabled": false,
        "info": "",
        "env": []
    },
    {
        "id": "0f372981a6a55c36",
        "type": "watson-text-to-speech",
        "z": "05cc232f2b258ac1",
        "name": "TTS",
        "lang": "pt-BR",
        "langhidden": "pt-BR",
        "langcustom": "NoCustomisationSetting",
        "langcustomhidden": "",
        "voice": "pt-BR_IsabelaV3Voice",
        "voicehidden": "pt-BR_IsabelaV3Voice",
        "format": "audio/wav",
        "password": "",
        "apikey": "g5eTw0Y4-XrWFfpebHJP9XDvPAqi13ilmftQ4ZNq_PwF",
        "payload-response": true,
        "service-endpoint": "https://api.us-south.text-to-speech.watson.cloud.ibm.com/instances/6501c58d-0b1d-478e-88b2-d4c4278eff4f",
        "x": 1050,
        "y": 440,
        "wires": [
            [
                "a9cb983e58ecf0ed",
                "d3eb46ed676eddc8"
            ]
        ]
    },
    {
        "id": "27f478a448275179",
        "type": "debug",
        "z": "05cc232f2b258ac1",
        "name": "debug 19",
        "active": true,
        "tosidebar": true,
        "console": false,
        "tostatus": false,
        "complete": "payload",
        "targetType": "msg",
        "statusVal": "",
        "statusType": "auto",
        "x": 300,
        "y": 200,
        "wires": []
    },
    {
        "id": "a9cb983e58ecf0ed",
        "type": "debug",
        "z": "05cc232f2b258ac1",
        "name": "debug 20",
        "active": true,
        "tosidebar": true,
        "console": false,
        "tostatus": false,
        "complete": "false",
        "statusVal": "",
        "statusType": "auto",
        "x": 1200,
        "y": 420,
        "wires": []
    },
    {
        "id": "95865f89cba7bf8d",
        "type": "telegram receiver",
        "z": "05cc232f2b258ac1",
        "name": "",
        "bot": "76751f80d3b79642",
        "saveDataDir": "",
        "filterCommands": false,
        "x": 110,
        "y": 280,
        "wires": [
            [
                "27f478a448275179",
                "5c9afb63784a5650"
            ],
            []
        ]
    },
    {
        "id": "cb113fe59008f272",
        "type": "telegram sender",
        "z": "05cc232f2b258ac1",
        "name": "",
        "bot": "76751f80d3b79642",
        "haserroroutput": false,
        "outputs": 1,
        "x": 1510,
        "y": 380,
        "wires": [
            []
        ]
    },
    {
        "id": "d3eb46ed676eddc8",
        "type": "function",
        "z": "05cc232f2b258ac1",
        "name": "Proc saída voice",
        "func": "msg.payload = {\n    chatId: msg.session_id,\n    content: msg.payload,\n    type: 'voice',\n    session_id: msg.session_id,\n}\nreturn msg;",
        "outputs": 1,
        "timeout": 0,
        "noerr": 0,
        "initialize": "",
        "finalize": "",
        "libs": [],
        "x": 1230,
        "y": 480,
        "wires": [
            [
                "cb113fe59008f272",
                "68f8f60e9fa41a22"
            ]
        ]
    },
    {
        "id": "1ac7069f97eb967c",
        "type": "debug",
        "z": "05cc232f2b258ac1",
        "name": "debug 21",
        "active": true,
        "tosidebar": true,
        "console": false,
        "tostatus": false,
        "complete": "payload",
        "targetType": "msg",
        "statusVal": "",
        "statusType": "auto",
        "x": 860,
        "y": 600,
        "wires": []
    },
    {
        "id": "68f8f60e9fa41a22",
        "type": "debug",
        "z": "05cc232f2b258ac1",
        "name": "debug 22",
        "active": true,
        "tosidebar": true,
        "console": false,
        "tostatus": false,
        "complete": "false",
        "statusVal": "",
        "statusType": "auto",
        "x": 1340,
        "y": 560,
        "wires": []
    },
    {
        "id": "5c9afb63784a5650",
        "type": "switch",
        "z": "05cc232f2b258ac1",
        "name": "",
        "property": "payload.type",
        "propertyType": "msg",
        "rules": [
            {
                "t": "eq",
                "v": "message",
                "vt": "str"
            },
            {
                "t": "eq",
                "v": "voice",
                "vt": "str"
            }
        ],
        "checkall": "true",
        "repair": false,
        "outputs": 2,
        "x": 290,
        "y": 280,
        "wires": [
            [
                "c309a16bf3ca6181",
                "3e153e0ef05b21ca"
            ],
            [
                "0dccf667ccf8e421"
            ]
        ]
    },
    {
        "id": "0dccf667ccf8e421",
        "type": "function",
        "z": "05cc232f2b258ac1",
        "name": "Proc entrada voice",
        "func": "msg.chatid_salvo = msg.payload.chatId;\nmsg.session_id = msg.payload.chatId;\nmsg.payload = msg.payload.weblink;\nreturn msg;",
        "outputs": 1,
        "timeout": 0,
        "noerr": 0,
        "initialize": "",
        "finalize": "",
        "libs": [],
        "x": 350,
        "y": 480,
        "wires": [
            [
                "be2edaacac524675",
                "607efbf87244d996"
            ]
        ]
    },
    {
        "id": "be2edaacac524675",
        "type": "watson-speech-to-text",
        "z": "05cc232f2b258ac1",
        "name": "STT",
        "alternatives": 1,
        "speakerlabels": false,
        "smartformatting": false,
        "lang": "pt-BR",
        "langhidden": "pt-BR",
        "langcustom": "NoCustomisationSetting",
        "langcustomhidden": "",
        "custom-weight": "0.5",
        "band": "BroadbandModel",
        "bandhidden": "",
        "keywords": "",
        "keywords-threshold": "0.5",
        "word-confidence": false,
        "password": "",
        "apikey": "T0Qw6MhLcyRjPnyfdpGnC8W9OS41cjkAfby9QLg9CUaP",
        "payload-response": true,
        "streaming-mode": false,
        "streaming-mute": true,
        "auto-connect": false,
        "discard-listening": false,
        "disable-precheck": false,
        "service-endpoint": "https://api.au-syd.speech-to-text.watson.cloud.ibm.com/instances/c201320e-3728-46cd-a9dc-d336adc41329",
        "x": 550,
        "y": 480,
        "wires": [
            [
                "fbb0be781d1a5247",
                "7c4bbcc4d531511c"
            ]
        ]
    },
    {
        "id": "607efbf87244d996",
        "type": "debug",
        "z": "05cc232f2b258ac1",
        "name": "debug 27",
        "active": true,
        "tosidebar": true,
        "console": false,
        "tostatus": false,
        "complete": "false",
        "statusVal": "",
        "statusType": "auto",
        "x": 520,
        "y": 400,
        "wires": []
    },
    {
        "id": "fbb0be781d1a5247",
        "type": "debug",
        "z": "05cc232f2b258ac1",
        "name": "debug 28",
        "active": true,
        "tosidebar": true,
        "console": false,
        "tostatus": false,
        "complete": "payload",
        "targetType": "msg",
        "statusVal": "",
        "statusType": "auto",
        "x": 660,
        "y": 560,
        "wires": []
    },
    {
        "id": "7c4bbcc4d531511c",
        "type": "watson-assistant-v2",
        "z": "05cc232f2b258ac1",
        "name": "Ecobot",
        "service-endpoint": "https://api.au-syd.assistant.watson.cloud.ibm.com/instances/5112d726-1595-4db1-a964-ac6ef188e370",
        "assistant_id": "b4b2bfa8-28f2-44ec-92aa-c73f5419bd1b",
        "debug": false,
        "restart": false,
        "return_context": true,
        "alternate_intents": false,
        "multisession": false,
        "timeout": "",
        "optout-learning": false,
        "persist-session-id": false,
        "x": 700,
        "y": 480,
        "wires": [
            [
                "1ac7069f97eb967c",
                "2c00c846e7f760a6"
            ]
        ]
    },
    {
        "id": "ec575e480e14bea0",
        "type": "function",
        "z": "05cc232f2b258ac1",
        "name": "proc final",
        "func": "if (msg.payload.output.generic.length > 1) {\n    msg.payload = {\n        chatId: msg.chatid_salvo\n        , type: \"message\"\n        , content: msg.payload.output.generic.map(item => item.text).join(\"\\n\")\n    }\n}\nelse {\n    msg.payload = {\n        chatId: msg.chatid_salvo\n        , type: \"message\"\n        , content: msg.payload.output.generic[0].text\n    }\n}\nreturn msg;",
        "outputs": 1,
        "timeout": 0,
        "noerr": 0,
        "initialize": "",
        "finalize": "",
        "libs": [],
        "x": 1000,
        "y": 280,
        "wires": [
            [
                "cb113fe59008f272",
                "81bc3d28f343f033"
            ]
        ]
    },
    {
        "id": "c309a16bf3ca6181",
        "type": "function",
        "z": "05cc232f2b258ac1",
        "name": "ProcIn wa",
        "func": "msg.session_id = msg.payload.chatId;\nmsg.chatid_salvo = msg.session_id;\nmsg.payload = msg.payload.content;\nreturn msg;",
        "outputs": 1,
        "timeout": 0,
        "noerr": 0,
        "initialize": "",
        "finalize": "",
        "libs": [],
        "x": 480,
        "y": 280,
        "wires": [
            [
                "1efeaec00e6694b6",
                "39618fb5990c3ac9"
            ]
        ]
    },
    {
        "id": "2c00c846e7f760a6",
        "type": "function",
        "z": "05cc232f2b258ac1",
        "name": "ProcOut wa",
        "func": "msg.payload = msg.payload.output.generic[0].text;\nreturn msg;\n",
        "outputs": 1,
        "timeout": 0,
        "noerr": 0,
        "initialize": "",
        "finalize": "",
        "libs": [],
        "x": 870,
        "y": 440,
        "wires": [
            [
                "0f372981a6a55c36",
                "3248689f16e3b158"
            ]
        ]
    },
    {
        "id": "1efeaec00e6694b6",
        "type": "debug",
        "z": "05cc232f2b258ac1",
        "name": "debug 37",
        "active": true,
        "tosidebar": true,
        "console": false,
        "tostatus": false,
        "complete": "false",
        "statusVal": "",
        "statusType": "auto",
        "x": 640,
        "y": 140,
        "wires": []
    },
    {
        "id": "3248689f16e3b158",
        "type": "debug",
        "z": "05cc232f2b258ac1",
        "name": "debug 38",
        "active": true,
        "tosidebar": true,
        "console": false,
        "tostatus": false,
        "complete": "false",
        "statusVal": "",
        "statusType": "auto",
        "x": 1040,
        "y": 560,
        "wires": []
    },
    {
        "id": "81bc3d28f343f033",
        "type": "debug",
        "z": "05cc232f2b258ac1",
        "name": "debug 39",
        "active": true,
        "tosidebar": true,
        "console": false,
        "tostatus": false,
        "complete": "false",
        "statusVal": "",
        "statusType": "auto",
        "x": 1160,
        "y": 140,
        "wires": []
    },
    {
        "id": "3e153e0ef05b21ca",
        "type": "debug",
        "z": "05cc232f2b258ac1",
        "name": "debug 40",
        "active": true,
        "tosidebar": true,
        "console": false,
        "tostatus": false,
        "complete": "false",
        "statusVal": "",
        "statusType": "auto",
        "x": 460,
        "y": 100,
        "wires": []
    },
    {
        "id": "39618fb5990c3ac9",
        "type": "watson-assistant-v2",
        "z": "05cc232f2b258ac1",
        "name": "EcoBot",
        "service-endpoint": "https://api.au-syd.assistant.watson.cloud.ibm.com/instances/5112d726-1595-4db1-a964-ac6ef188e370",
        "assistant_id": "b4b2bfa8-28f2-44ec-92aa-c73f5419bd1b",
        "debug": false,
        "restart": false,
        "return_context": true,
        "alternate_intents": false,
        "multisession": false,
        "timeout": "",
        "optout-learning": false,
        "persist-session-id": false,
        "x": 800,
        "y": 280,
        "wires": [
            [
                "48e3bafba488a802",
                "ec575e480e14bea0"
            ]
        ]
    },
    {
        "id": "48e3bafba488a802",
        "type": "debug",
        "z": "05cc232f2b258ac1",
        "name": "debug 50",
        "active": true,
        "tosidebar": true,
        "console": false,
        "tostatus": false,
        "complete": "false",
        "statusVal": "",
        "statusType": "auto",
        "x": 820,
        "y": 160,
        "wires": []
    },
    {
        "id": "76751f80d3b79642",
        "type": "telegram bot",
        "botname": "EcoWaveTelegram",
        "usernames": "",
        "chatids": "",
        "baseapiurl": "",
        "updatemode": "polling",
        "pollinterval": "300",
        "usesocks": false,
        "sockshost": "",
        "socksprotocol": "socks5",
        "socksport": "6667",
        "socksusername": "anonymous",
        "sockspassword": "",
        "bothost": "",
        "botpath": "",
        "localbotport": "8443",
        "publicbotport": "8443",
        "privatekey": "",
        "certificate": "",
        "useselfsignedcertificate": false,
        "sslterminated": false,
        "verboselogging": false
    }
]